	Year,Average Precipitation
2004,95.762975
2005,79.31245
2006,110.5138083333
2007,121.638725
2008,98.038325
2009,97.4872333333
2010,118.9396166667
2011,110.0423833333
2012,117.666575
2013,121.7781333333
