Year,Value,Average Precipitation,Average Temperature
2004,38061,95.762975,23.8567083333
2005,153387,79.31245,24.0215333333
2006,5573,110.5138083333,23.924775
2007,128834,121.638725,23.8768
2008,302950,98.038325,24.0638666667
2009,511271.43,97.4872333333,24.7333166667
2010,10214,118.9396166667,24.2372
2011,148388,110.0423833333,23.7862333333
2012,296801,117.666575,23.43125
2013,576412.16,121.7781333333,23.4988583333
